[
    {
      "container": {
        "number_of_rows": 13,
        "rows_used": 10,
        "rows_unused": 3,
        "container_name": "Avengers"
      }
    },
    {
      "row_data": [
        {
          "position": 1,
          "type": "single_row_unit",
          "status": "on",
          "img": "hulk.svg",
          "row_name": "Hulk",
          "real_name": "Dr. Robert Bruce Banner",
          "connection": "2 close friends",
          "fans": "Y",
          "joined_in": "10.56 x 7.28 x 1.73",
          "recruited": "1.71B.C."
        },
        {
          "position": 2,
          "type": "single_row_unit",
          "status": "on",
          "img": "captainamerica.svg",
          "row_name": "Captain America",
          "real_name": "Steven Rogers",
          "connection": "9 close friends",
          "fans": "Y",
          "joined_in": "10.56 x 7.28 x 1.73",
          "recruited": "1.76B.C."
        },
        {
          "position": 4,
          "type": "single_row_unit",
          "status": "on",
          "img": "blackpanther.svg",
          "row_name": "Black Panther",
          "real_name": "T'Challa",
          "connection": "4 close friends",
          "fans": "N",
          "joined_in": "10.56 x 7.28 x 1.73",
          "recruited": "1.71B.C."
        },
        {
          "position": 5,
          "type": "single_row_unit",
          "status": "on",
          "img": "ironman.svg",
          "row_name": "Iron Man",
          "real_name": "Anthony Edward 'Tony' Stark",
          "connection": "4 close friends",
          "fans": "N",
          "joined_in": "10.56 x 7.28 x 1.73",
          "recruited": "1.71B.C."
        },
        {
          "position": 6,
          "type": "single_row_unit",
          "status": "off",
          "img": "doctorstrange.svg",
          "row_name": "Doctor Strange",
          "real_name": "Stephen Vincent Strange",
          "connection": "4 close friends",
          "fans": "N",
          "joined_in": "10.56 x 7.28 x 1.73",
          "recruited": "1.71B.C."
        },
        {
          "position": 7,
          "type": "single_row_unit",
          "status": "on",
          "img": "blackwidow.svg",
          "row_name": "Black Widow",
          "real_name": "Natasha Alianovna Romanoff",
          "connection": "4 close friends",
          "fans": "N",
          "joined_in": "10.56 x 7.28 x 1.73",
          "recruited": "1.71B.C."
        },
        {
          "position": 10,
          "type": "double_row_unit",
          "status": "on",
          "img": "hawkeye.svg",
          "row_name": "Hawkeye",
          "real_name": "Clinton Francis Barton",
          "connection": "4 close friends",
          "fans": "N",
          "joined_in": "10.56 x 7.28 x 1.73",
          "recruited": "1.71B.C."
        },
        {
          "position": 12,
          "type": "double_row_unit",
          "status": "on",
          "img": "thor.svg",
          "row_name": "Thor",
          "real_name": "Thor Odinson",
          "connection": "4 close friends",
          "fans": "N",
          "joined_in": "10.56 x 7.28 x 1.73",
          "recruited": "1.71B.C."
        }
      ]
    }
  ]